time,distance_m,speed_mps,wind_speed_mps,wind_dir_deg,note
2026-01-19 12:00:00,22.45707561963165,22.45707561963165,6.467630046384002,356.7925685785068,
2026-01-19 12:00:01,42.89709946027091,20.440023840639256,6.12306382047152,10.59654552678435,
2026-01-19 12:00:02,66.0227762539806,23.125676793709687,5.823069012098199,8.81739331636679,
2026-01-19 12:00:03,89.43362332856742,23.410847074586822,7.905931328579115,6.981091784274392,
2026-01-19 12:00:04,108.50707054558667,19.073447217019247,5.2533510656463385,5.582521257375539,
2026-01-19 12:00:05,128.5538012852932,20.046730739706522,8.472357804628894,6.57291910793931,
2026-01-19 12:00:06,150.74556189004412,22.19176060475093,5.7294822609262805,0.5843662769789741,
2026-01-19 12:00:07,172.27119800152875,21.525636111484626,4.467580266035727,358.87298236948516,
2026-01-19 12:00:08,194.2459962652723,21.974798263743565,6.08390349719379,0.5518229825631957,
2026-01-19 12:00:09,214.96643037391195,20.72043410863963,4.708505759617478,349.4419065911275,
2026-01-19 12:00:10,238.2855273362062,23.319096962294243,5.0978929826238,0.8326832299164382,
2026-01-19 12:00:11,261.45221523934964,23.166687903143423,6.476439960018589,337.7545214737694,
2026-01-19 12:00:12,283.55126128569145,22.099046046341822,6.66669850638015,4.295147764152096,
2026-01-19 12:00:13,307.2421230961435,23.69086181045205,5.25339875969489,6.601239633238693,
2026-01-19 12:00:14,329.94338710952155,22.70126401337807,7.184886174055681,0.8723272906611887,
2026-01-19 12:00:15,350.65444841519667,20.71106130567514,7.389009309625361,6.209032873941845,
2026-01-19 12:00:16,373.2075745913204,22.553126176123747,7.723562107875949,4.546584008640772,
2026-01-19 12:00:17,393.7692506900769,20.5616760987565,6.6352960885508665,357.5804507506445,
2026-01-19 12:00:18,417.0869261420378,23.31767545196091,7.636114454502838,351.938018795831,
2026-01-19 12:00:19,439.0120372755584,21.92511113352062,3.743041886431131,352.6822396576732,
2026-01-19 12:00:20,460.7347437302405,21.722706454682108,5.618512141645845,353.1462215454984,
2026-01-19 12:00:21,481.7133494136346,20.978605683394086,4.959593692411889,4.434389316698487,
2026-01-19 12:00:22,505.5471614216456,23.833812008011044,6.143071033352871,5.270221936323298,
2026-01-19 12:00:23,527.3153671985424,21.768205776896796,5.314260936963915,5.4597356463240505,
2026-01-19 12:00:24,548.6728754652977,21.35750826675534,5.800610589660321,5.647677469140272,
2026-01-19 12:00:25,570.1446751395654,21.471799674267654,8.25860985624486,9.157476179674212,
2026-01-19 12:00:26,592.9431389178955,22.798463778330024,5.796336244295546,353.93783810148307,
2026-01-19 12:00:27,615.4913050144415,22.54816609654612,6.496550780628256,5.702801824659399,
2026-01-19 12:00:28,638.1104039318355,22.619098917393984,5.721276804090918,352.4896910351559,
2026-01-19 12:00:29,660.7566354363473,22.646231504511825,6.0908559455482,358.06155401225124,
2026-01-19 12:00:30,685.969106837653,25.21247140130569,6.007220016523286,5.7185867231202145,
2026-01-19 12:00:31,707.3594843130761,21.390377475423076,6.537988879167791,2.6584859921078263,
2026-01-19 12:00:32,728.5911202194688,21.231635906392693,7.398369042656612,3.51715846210758,
2026-01-19 12:00:33,749.3704611270971,20.779340907628182,7.976872797123995,355.18523985917653,
2026-01-19 12:00:34,772.2944302609603,22.923969133863242,6.371544098291,4.321797137198224,
2026-01-19 12:00:35,795.9878887000417,23.693458439081336,6.707456263242722,12.365022457707617,
2026-01-19 12:00:36,817.8169675135593,21.829078813517686,4.61896258897732,357.5232006565841,
2026-01-19 12:00:37,838.5567327981156,20.739765284556206,5.894547909101255,0.3215599900846904,
2026-01-19 12:00:38,859.3200109745787,20.76327817646314,7.1283473578603065,359.79226171934596,
2026-01-19 12:00:39,882.2959001563158,22.975889181737053,7.039162366100584,11.909673146512404,
2026-01-19 12:00:40,905.410781413121,23.114881256805162,6.253931679354061,3.150641177914852,
2026-01-19 12:00:41,928.2255128155788,22.81473140245779,7.063672751481543,354.31420067404883,
2026-01-19 12:00:42,949.2272482546457,21.00173543906696,6.5889200507925825,3.3888682355750412,
2026-01-19 12:00:43,971.5754902392458,22.34824198460008,7.4403675099111855,1.2223084863876341,
2026-01-19 12:00:44,993.7505189529569,22.175028713711093,6.347230988348533,4.059397413542259,
2026-01-19 12:00:45,1016.0785518480504,22.328032895093518,5.573162021314759,14.83297442294624,
2026-01-19 12:00:46,1039.3856950149727,23.307143166922284,6.403009508319628,10.56828368389702,
2026-01-19 12:00:47,1061.7210883381347,22.335393323162023,2.4832867489766692,348.77664235334026,
2026-01-19 12:00:48,1084.7394586827425,23.018370344607842,6.459462883662059,7.590296412246743,
2026-01-19 12:00:49,1106.8408272869758,22.101368604233336,1.6219046097422598,354.6387239589795,
2026-01-19 12:00:50,1129.2745063850107,22.433679098034975,3.9318439111134986,357.8945294446151,
2026-01-19 12:00:51,1152.2214387237684,22.94693233875781,6.542122321129181,9.078043670658518,
2026-01-19 12:00:52,1172.0357049939848,19.8142662702165,6.573035204720155,9.640371386574202,
2026-01-19 12:00:53,1193.5561981694489,21.520493175464047,4.605085463832084,0.692380598046479,
2026-01-19 12:00:54,1214.8506391880096,21.294441018560807,5.145477549745274,353.42778824965586,
2026-01-19 12:00:55,1235.8923224156447,21.041683227634987,7.644649186336959,4.332897063992055,
2026-01-19 12:00:56,1257.4796090388047,21.587286623159976,5.419163842112789,7.9990622146324935,
2026-01-19 12:00:57,1281.7220210056564,24.242411966851595,8.691504374883582,0.7181278982737593,
2026-01-19 12:00:58,1302.4232743321165,20.701253326460137,5.997696176188384,3.425450114811823,
2026-01-19 12:00:59,1325.8756918640038,23.45241753188722,6.48964341225752,358.52371271952734,
2026-01-19 12:01:00,1345.35138720658,19.475695342576294,7.940249278198329,5.455500776568049,
2026-01-19 12:01:01,1366.8490596616014,21.497672455021338,6.157232539432103,357.49316426500786,
2026-01-19 12:01:02,1389.093189259259,22.24412959765751,4.797187223171038,356.3917379087308,
2026-01-19 12:01:03,1411.9725227562978,22.879333497038917,5.868327057966852,7.555037526703908,
2026-01-19 12:01:04,1435.0393626259872,23.066839869689282,5.957267116571891,2.6617387662914407,
2026-01-19 12:01:05,1458.2293834787872,23.190020852799886,4.362310017358122,8.000593052929334,
2026-01-19 12:01:06,1479.7062958704146,21.476912391627344,5.693001514391012,8.48790199887603,
2026-01-19 12:01:07,1501.0127681814176,21.306472311003148,5.109369487203076,2.222139032298588,
2026-01-19 12:01:08,1524.2997320033035,23.28696382188573,7.109229308624921,358.5321623993402,
2026-01-19 12:01:09,1546.012775515981,21.71304351267758,6.041534249022307,2.865921897268483,
2026-01-19 12:01:10,1566.0992460309742,20.086470514993117,5.660645101022916,8.55650927010803,
2026-01-19 12:01:11,1586.399315209969,20.30006917899478,5.872581683252909,2.831984385896116,
2026-01-19 12:01:12,1607.0201367809666,20.620821570997585,6.2677464220873995,348.6721899302484,
2026-01-19 12:01:13,1629.7658778970472,22.745741116080644,6.740177039627736,357.71459863230143,
2026-01-19 12:01:14,1651.979516501153,22.21363860410585,4.8003453255967425,12.010590218203756,
2026-01-19 12:01:15,1675.0152445322547,23.03572803110165,4.750094840854474,348.0624569502044,
2026-01-19 12:01:16,1696.3743655627497,21.3591210304952,7.325615058483036,355.54749328275756,
2026-01-19 12:01:17,1718.6121750993648,22.23780953661507,5.505195753354323,356.9515333680783,
2026-01-19 12:01:18,1741.5505606903157,22.938385590951004,4.299789488883751,357.1067921684183,
2026-01-19 12:01:19,1763.0865408807354,21.535980190419643,6.5325752512597255,357.2686828280788,
2026-01-19 12:01:20,1785.7717037370714,22.685162856336117,6.556043767239224,4.344943583511194,
2026-01-19 12:01:21,1806.7788148254715,21.007111088400023,4.163141691291952,3.289742541631501,
2026-01-19 12:01:22,1828.2342340556238,21.455419230152394,6.275378058556328,2.8940857472546835,
2026-01-19 12:01:23,1849.6616272146264,21.427393159002506,6.882699710914048,7.22364812519777,
2026-01-19 12:01:24,1869.8678677462428,20.20624053161644,6.449263742047516,3.144798234594262,
2026-01-19 12:01:25,1892.5983264674212,22.730458721178373,6.758377780513674,6.8619870966651195,
2026-01-19 12:01:26,1913.894222957117,21.295896489695913,4.314877082291101,0.95652432857473,
2026-01-19 12:01:27,1935.9129641352085,22.01874117809153,6.397248185995434,11.018026874356908,
2026-01-19 12:01:28,1958.6340841235674,22.721119988358865,5.636856288635464,2.3557236167714395,
2026-01-19 12:01:29,1981.3038808876122,22.669796764044918,5.420651809530426,355.5470964692668,
2026-01-19 12:01:30,2004.3019585510713,22.998077663459178,7.044666731303672,353.20684090542306,
2026-01-19 12:01:31,2026.154230324307,21.852271773235863,7.7751294128090755,6.539074176819971,
2026-01-19 12:01:32,2047.5192828562408,21.36505253193377,8.15324406552043,356.07109678997006,
2026-01-19 12:01:33,2069.3997055398813,21.8804226836404,7.577769445807086,5.04320833942406,
2026-01-19 12:01:34,2088.8687038889443,19.468998349062954,5.86831898204378,356.7099241684833,
2026-01-19 12:01:35,2108.6980351803095,19.82933129136537,6.423264195631612,5.5059396361476,
2026-01-19 12:01:36,2128.713985761778,20.015950581468395,6.920187446141092,3.202066280921183,
2026-01-19 12:01:37,2149.2181155203757,20.504129758597777,6.145413539159354,357.87339154757666,
2026-01-19 12:01:38,2171.817776860461,22.599661340085156,6.156917025493853,354.6575708090354,
2026-01-19 12:01:39,2192.459558277421,20.64178141695991,6.988503758251419,347.2449894919859,
2026-01-19 12:01:40,2213.892314446362,21.432756168940916,5.928860824768881,349.7108544163993,
2026-01-19 12:01:41,2237.841156893041,23.948842446679098,5.124855676351606,9.401482722788892,
2026-01-19 12:01:42,2259.306760936449,21.46560404340786,5.50263232099697,7.702426532657913,
2026-01-19 12:01:43,2282.4130342891494,23.10627335270063,6.760692453280491,352.2029916073438,
2026-01-19 12:01:44,2303.012607769135,20.599573479985185,6.003591949439947,354.33739809726393,
2026-01-19 12:01:45,2324.7044514323334,21.691843663198554,6.408251972242005,350.7518149646138,
2026-01-19 12:01:46,2345.2794183499673,20.57496691763413,6.804095090642628,2.425755500197408,
2026-01-19 12:01:47,2366.7708687361164,21.491450386149157,5.550190244522868,3.961543874616902,
2026-01-19 12:01:48,2390.0313309423027,23.260462206186094,6.907497796355767,8.879217949566982,
2026-01-19 12:01:49,2409.440350307514,19.409019365211478,6.454611124150073,352.0359256808844,
2026-01-19 12:01:50,2432.0919857728327,22.651635465318787,4.518224295706226,1.0723606161967871,
2026-01-19 12:01:51,2454.448589176331,22.35660340349842,7.730765749423493,357.0894408553379,
2026-01-19 12:01:52,2475.5573642427858,21.108775066454808,5.3991063074917,354.0714972380186,
2026-01-19 12:01:53,2495.388277461203,19.83091321841732,4.0138855881777795,11.90452949867804,
2026-01-19 12:01:54,2517.4964717227735,22.108194261570805,4.745947548496437,357.337739342124,
2026-01-19 12:01:55,2538.7022326591778,21.205760936404296,4.774745807186013,6.113331758282017,
2026-01-19 12:01:56,2561.0512469762098,22.349014317032054,6.06260798238904,353.8869849261713,
2026-01-19 12:01:57,2583.084025194495,22.032778218285163,5.671379393344515,356.88180142228066,
2026-01-19 12:01:58,2607.4866935314762,24.402668336981375,5.595801638831289,3.5422863277430343,
2026-01-19 12:01:59,2629.1276600902665,21.640966558790463,6.743642358578975,3.3179666262524363,
2026-01-19 12:02:00,2649.5924138513337,20.464753761067204,6.4078504334312445,2.864816241363166,
2026-01-19 12:02:01,2671.861327303768,22.268913452434475,6.379257444773144,5.02882824150548,
2026-01-19 12:02:02,2694.1913223297256,22.329995025957647,6.4917941487944315,351.5572678273419,
2026-01-19 12:02:03,2718.2301036925865,24.038781362860654,6.739361601602686,358.07659000786725,
2026-01-19 12:02:04,2741.4827705614584,23.252666868871867,3.4704559898670686,8.119478450091105,
2026-01-19 12:02:05,2764.0180771501828,22.535306588724264,5.562674097282646,356.8211937536663,
2026-01-19 12:02:06,2788.213031487012,24.194954336829344,3.3837479226126312,8.372697240090677,
2026-01-19 12:02:07,2808.429886905528,20.216855418515724,6.043271912157355,355.18481310325984,
2026-01-19 12:02:08,2829.470259606403,21.040372700875377,5.9944404333307855,6.1956726103366035,
2026-01-19 12:02:09,2850.0803956942946,20.610136087891714,7.254638729747616,358.74043504409116,
2026-01-19 12:02:10,2871.4956809895607,21.415285295266347,7.4251612712653445,358.6449120207626,
2026-01-19 12:02:11,2891.430651768226,19.934970778665537,6.243330057902841,5.036692992728517,
2026-01-19 12:02:12,2914.3833781884478,22.952726420221605,5.3995667071237206,0.5479709196353522,
2026-01-19 12:02:13,2936.0500441427994,21.66666595435184,6.582193335054885,355.91384272692926,
2026-01-19 12:02:14,2955.8438347010456,19.793790558246013,5.366498835210824,12.697984148050292,
2026-01-19 12:02:15,2976.3204660792344,20.47663137818869,5.998328818267981,358.3425744266792,
2026-01-19 12:02:16,2998.7907368504098,22.470270771175294,7.183363580352921,355.9880268299367,
2026-01-19 12:02:17,3022.0479267022515,23.25718985184157,5.330674384812692,1.3390971153867044,
2026-01-19 12:02:18,3047.043023039789,24.99509633753768,6.966814367091001,8.922693177309704,
2026-01-19 12:02:19,3073.4138167388,26.370793699010996,6.812881642430763,8.881991923454922,
2026-01-19 12:02:20,3096.035430888714,22.621614149913995,,353.50081970083966,dropout
2026-01-19 12:02:21,3116.551123708666,20.515692819952204,7.168672953860881,6.973071175356396,
2026-01-19 12:02:22,3135.353054287569,18.801930578903036,6.838279614445806,4.569865022935744,
2026-01-19 12:02:23,3157.754621481085,22.401567193515753,6.122311064847189,353.04792039375224,
2026-01-19 12:02:24,3178.5352098381195,20.78058835703451,5.085211850366817,5.9226892095225026,
2026-01-19 12:02:25,3199.91217394785,21.376964109730473,4.968952777709316,352.30811592909015,
2026-01-19 12:02:26,3220.9940287492605,21.081854801410287,5.354804907716373,5.301598172584249,
2026-01-19 12:02:27,3242.782842419636,21.788813670375422,6.651113355950352,348.6500287050748,
2026-01-19 12:02:28,3266.3818127658174,23.598970346181467,4.8532497991183225,351.969553101831,
2026-01-19 12:02:29,3288.6173856169853,22.235572851168016,6.525014698343844,7.321583859434414,
2026-01-19 12:02:30,3310.3794333614273,21.76204774444197,4.5098933653459286,357.5272187968477,
2026-01-19 12:02:31,3330.825952732189,20.446519370761283,5.755117698673382,2.341653310965613,
2026-01-19 12:02:32,3350.313928315132,19.487975582943463,6.13157730548881,0.8189488744061038,
2026-01-19 12:02:33,3371.584466451522,21.270538136390005,8.9341561740707,2.729111426989194,
2026-01-19 12:02:34,3393.5037926252944,21.919326173772518,4.347221213375559,358.5999986577189,
2026-01-19 12:02:35,3418.155687495664,24.651894870369823,7.76641747978816,8.144797074611658,
2026-01-19 12:02:36,3440.3510992778733,22.19541178220933,6.179810896784736,8.903936201176208,
2026-01-19 12:02:37,3463.825208544408,23.474109266534587,6.493406301619156,4.379478841870398,
2026-01-19 12:02:38,3485.076265146599,21.251056602191273,6.142017496065845,10.723676075297409,
2026-01-19 12:02:39,3505.298849496973,20.22258435037446,6.533672181834279,10.47387757506052,
2026-01-19 12:02:40,3525.8511743536246,20.552324856651442,5.815577874765578,5.973595665602157,
2026-01-19 12:02:41,3546.763335256821,20.91216090319637,7.74486021774895,1.7124329138278398,
2026-01-19 12:02:42,3571.9560398554736,25.192704598652746,5.452234626930333,11.301506597742161,
2026-01-19 12:02:43,3592.723959836637,20.76791998116342,7.358681486615097,354.2046735880845,
2026-01-19 12:02:44,3615.981693642241,23.257733805604516,5.226759455744372,5.504660785723899,
2026-01-19 12:02:45,3636.6273028751107,20.64560923286946,5.927697784318456,356.5881264091759,
2026-01-19 12:02:46,3660.024662394422,23.397359519311365,4.713644937251737,1.4408386948112097,
2026-01-19 12:02:47,3682.602088843581,22.577426449158796,6.546028464417024,359.12544227873883,
2026-01-19 12:02:48,3704.367131997094,21.765043153512863,7.734151148311841,7.531473294229152,
2026-01-19 12:02:49,3726.305988207891,21.93885621079685,5.907172584214975,1.8663957844135184,
2026-01-19 12:02:50,3747.323806664747,21.017818456855913,5.763737161555309,17.238124915987292,
2026-01-19 12:02:51,3769.99291496697,22.669108302223123,4.662459644318488,354.73981730912476,
2026-01-19 12:02:52,3791.310439746459,21.31752477948883,5.72484881573723,359.9704701000745,
2026-01-19 12:02:53,3811.472031100808,20.161591354349127,4.088646888334167,7.040554862453765,
2026-01-19 12:02:54,3831.5551247393287,20.08309363852057,4.904546415937407,11.117253915869181,
2026-01-19 12:02:55,3853.8140066159117,22.258881876583178,19.589644621475724,5.258358627772886,spike
2026-01-19 12:02:56,3878.1826435005273,24.368636884615654,7.582815837289675,7.288969680749098,
2026-01-19 12:02:57,3900.4226309208875,22.23998742036016,9.371053033475404,357.62581033016517,
2026-01-19 12:02:58,3922.2446734317227,21.822042510835175,5.296097897914919,2.289953817232933,
2026-01-19 12:02:59,3944.6734126411266,22.428739209403815,7.722360187974528,0.7055370834497321,
2026-01-19 12:03:00,3968.6324152536868,23.959002612560237,6.292502976481978,357.1843569233257,
2026-01-19 12:03:01,3990.9614890057323,22.329073752045783,5.818502823904349,359.3618879645543,
2026-01-19 12:03:02,4012.345098159482,21.383609153749394,6.519113342071383,356.0286895135583,
2026-01-19 12:03:03,4036.0045312245716,23.659433065089832,6.074299780415951,351.37427576289133,
2026-01-19 12:03:04,4058.647665882264,22.64313465769242,6.132474870734662,356.8396010652311,
2026-01-19 12:03:05,4082.951299870258,24.303633987993987,5.510000204607997,1.6748566561956948,
2026-01-19 12:03:06,4105.226151526091,22.274851655832858,4.32226840824138,347.4569535577155,
2026-01-19 12:03:07,4125.38944797851,20.16329645241925,4.147649756973502,356.50043265501677,
2026-01-19 12:03:08,4145.337209179642,19.947761201131502,6.783893859937472,347.5903083400442,
2026-01-19 12:03:09,4169.813601077989,24.476391898346876,5.667959891897144,351.2189737925065,
2026-01-19 12:03:10,4194.399099659164,24.585498581174946,5.2846933204126,9.563251157445524,
2026-01-19 12:03:11,4216.12982083924,21.7307211800761,6.010206752067784,4.992326399963783,
2026-01-19 12:03:12,4237.555039857536,21.42521901829602,6.953918703498753,6.213867603266679,
2026-01-19 12:03:13,4261.7472062959,24.1921664383633,6.216436731631678,7.046054807676765,
2026-01-19 12:03:14,4282.086637772834,20.339431476934767,5.21273407603084,5.566626789564102,
2026-01-19 12:03:15,4302.744547244401,20.65790947156626,7.4715515467787394,2.124907710326272,
2026-01-19 12:03:16,4325.709537436434,22.964990192033568,7.895022603577958,3.670229862640919,
2026-01-19 12:03:17,4347.117629752145,21.408092315710615,6.593467986387424,1.7297664066801381,
2026-01-19 12:03:18,4369.109946952065,21.992317199919892,7.168396213612908,1.1949022338514474,
2026-01-19 12:03:19,4390.864782604278,21.75483565221323,7.490351996176574,4.623939303659378,
2026-01-19 12:03:20,4413.371144427476,22.5063618231984,7.356119179685416,2.3473049974529405,
2026-01-19 12:03:21,4437.482367219446,24.111222791970576,6.736919012535148,349.0914281395503,
2026-01-19 12:03:22,4459.618244579799,22.13587736035262,6.71801645648986,0.15840508886884574,
2026-01-19 12:03:23,4482.584152769714,22.965908189915286,6.623592688015803,8.915365364948798,
2026-01-19 12:03:24,4501.508894618168,18.924741848453465,4.683194790543547,5.31447067812715,
2026-01-19 12:03:25,4523.435817015273,21.926922397104825,6.8408677882315025,358.3568054206091,
2026-01-19 12:03:26,4544.170971609833,20.735154594560694,4.3730232346481355,8.234190998408073,
2026-01-19 12:03:27,4564.342752019197,20.17178040936456,5.046480653849934,2.758204760822508,
2026-01-19 12:03:28,4585.025523468804,20.682771449606875,7.564278081369705,359.37399749195106,
2026-01-19 12:03:29,4606.524338307752,21.498814838948782,7.008264195233037,9.084889156876532,
2026-01-19 12:03:30,4629.898192121286,23.37385381353402,7.784877947623035,356.2044526684028,
2026-01-19 12:03:31,4649.908603044677,20.010410923390655,5.673990739575249,3.364403639164842,
2026-01-19 12:03:32,4671.954550283569,22.045947238891625,4.617301390467879,344.4994132636128,
2026-01-19 12:03:33,4693.228296133569,21.27374584999963,5.711475363515588,9.57035689116046,
2026-01-19 12:03:34,4714.736786492026,21.50849035845706,6.122437556688689,5.080149163465247,
2026-01-19 12:03:35,4738.240923229983,23.504136737956905,6.094786459608011,354.60454753615085,
2026-01-19 12:03:36,4761.048096385489,22.80717315550589,7.360416574508042,7.17550801644872,
2026-01-19 12:03:37,4785.054193546653,24.006097161164117,5.566475489995866,3.060041102953104,
2026-01-19 12:03:38,4806.822435027778,21.76824148112515,6.422441366163509,353.7805285480264,
2026-01-19 12:03:39,4827.778521110272,20.956086082493947,4.813647420678473,4.995521112008439,
2026-01-19 12:03:40,4849.4427328849515,21.664211774679252,6.540380733652576,356.05985800840534,
2026-01-19 12:03:41,4871.806478071859,22.363745186906833,6.003730260222764,359.59496939929096,
2026-01-19 12:03:42,4894.071338109539,22.264860037680567,5.100223994058579,12.778391169040914,
2026-01-19 12:03:43,4914.4447560011895,20.37341789164995,5.717004765390176,11.303681154181557,
2026-01-19 12:03:44,4936.580490673631,22.13573467244181,5.778989104181734,12.323817155026262,
2026-01-19 12:03:45,4958.922833168839,22.342342495208356,5.675813844795485,0.920959258474146,
2026-01-19 12:03:46,4984.69904422514,25.77621105630088,8.12560949072122,8.648609583907115,
2026-01-19 12:03:47,5009.514311142062,24.815266916922504,5.881864797230544,358.83522662404386,
2026-01-19 12:03:48,5030.234446116224,20.72013497416177,5.707324667787195,5.897157597667698,
2026-01-19 12:03:49,5051.8033710739,21.568924957676234,3.48305885086783,354.7449829400374,
2026-01-19 12:03:50,5071.608208071145,19.804836997244497,4.926951177624627,2.422176940469135,
2026-01-19 12:03:51,5092.722147550199,21.11393947905477,5.684311890652377,2.2950132105455388,
2026-01-19 12:03:52,5115.195555055585,22.47340750538551,5.1769767885880285,8.594221120570465,
2026-01-19 12:03:53,5139.004335486918,23.80878043133235,7.658049112053356,358.41695944230736,
2026-01-19 12:03:54,5159.910709730302,20.906374243384587,5.802074669524537,6.107278917323283,
2026-01-19 12:03:55,5180.929490070201,21.018780339898306,7.546133099181903,359.59831432777844,
2026-01-19 12:03:56,5199.708556525593,18.77906645539202,6.074045560860442,350.49910595848064,
2026-01-19 12:03:57,5221.464557644776,21.75600111918264,6.044673403705892,2.015534068229096,
2026-01-19 12:03:58,5241.870936026986,20.406378382210654,5.893444262744999,8.478703026777964,
2026-01-19 12:03:59,5263.076776885937,21.20584085895089,6.004555501945751,354.28869709884526,
2026-01-19 12:04:00,5283.761485718685,20.68470883274862,8.062554003659832,9.225542344123532,
2026-01-19 12:04:01,5305.620091887306,21.858606168621165,3.216467127898538,1.9791223223319179,
2026-01-19 12:04:02,5324.983499300271,19.363407412965053,3.5981451066735857,354.0418675108421,
2026-01-19 12:04:03,5344.782931432185,19.799432131913512,5.3481950027326635,357.9321524074798,
2026-01-19 12:04:04,5369.976802100227,25.193870668042447,6.017433458325082,10.686507912328834,
2026-01-19 12:04:05,5390.045668228317,20.068866128088953,6.828125309716815,353.72530763769277,
2026-01-19 12:04:06,5410.4004898606345,20.35482163231804,6.56770463763297,1.99710152693955,
2026-01-19 12:04:07,5435.155860153116,24.75537029248197,5.538904904543315,349.4690473188055,
2026-01-19 12:04:08,5461.513460906976,26.35760075386061,7.222852431890114,354.64829036232044,
2026-01-19 12:04:09,5481.756110963738,20.24265005676199,7.236234483783277,356.1841323081705,
2026-01-19 12:04:10,5503.203737528556,21.447626564817956,6.220869397525878,2.4018529353750155,
2026-01-19 12:04:11,5525.716070854967,22.512333326410765,7.155189086984209,355.34399626002084,
2026-01-19 12:04:12,5550.309117321575,24.59304646660839,6.327174316118555,345.6632918311588,
2026-01-19 12:04:13,5570.828831703933,20.519714382357645,5.3262203678605395,11.400189125278432,
2026-01-19 12:04:14,5592.46091493502,21.632083231086835,6.837380206800006,6.689869696948907,
2026-01-19 12:04:15,5615.626921299113,23.166006364092617,6.132735747094413,7.904116132156565,
2026-01-19 12:04:16,5638.279070410813,22.652149111699927,6.001607816105384,9.677080436280686,
2026-01-19 12:04:17,5659.714836303968,21.43576589315485,7.767544286627489,0.32129599590232427,
2026-01-19 12:04:18,5681.514101857194,21.79926555322594,3.058953445751896,352.03194630044106,
2026-01-19 12:04:19,5701.451758144639,19.937656287445026,4.298778995808516,3.8217249813535545,
2026-01-19 12:04:20,5723.094497528677,21.642739384038002,4.575515488350756,353.6065225470637,
2026-01-19 12:04:21,5744.6949162936635,21.600418764986568,5.564087222917434,356.48732183205675,
2026-01-19 12:04:22,5767.043171128103,22.348254834439384,5.694470196280764,0.9275295539252575,
2026-01-19 12:04:23,5788.210180299874,21.167009171771475,4.191209222672343,7.124892914370326,
2026-01-19 12:04:24,5810.917488083692,22.707307783817708,4.817810361227008,5.455198261361185,
2026-01-19 12:04:25,5834.436561810421,23.519073726729744,4.966989985771716,5.737466828702656,
2026-01-19 12:04:26,5856.669705801924,22.2331439915027,8.94890891049107,12.803773930746768,
2026-01-19 12:04:27,5879.197340414522,22.527634612598806,8.162090337296576,359.92364154056077,
2026-01-19 12:04:28,5901.277073435889,22.079733021366803,5.5059006987784205,4.890266583265106,
2026-01-19 12:04:29,5923.277200025526,22.000126589637123,5.563700051631841,6.217742091255262,
2026-01-19 12:04:30,5944.194862975212,20.917662949685727,4.620955203374047,2.054907533846658,
2026-01-19 12:04:31,5966.669604367722,22.474741392509962,3.71024350412968,5.113306980331764,
2026-01-19 12:04:32,5988.5236744701015,21.854070102379765,5.859743776309771,358.6002026636626,
2026-01-19 12:04:33,6013.663426933497,25.139752463395894,4.8025776201071695,10.63962486910011,
2026-01-19 12:04:34,6038.02345928721,24.360032353712864,5.898179362005588,2.273541789878265,
2026-01-19 12:04:35,6060.602229116045,22.57876982883475,4.079752981147827,13.125600659114012,
2026-01-19 12:04:36,6081.457643301503,20.85541418545785,5.08563065002769,357.2514316807296,
2026-01-19 12:04:37,6101.789026093527,20.331382792024872,6.178352514363397,355.0701476066922,
2026-01-19 12:04:38,6125.575740523161,23.786714429633296,6.439451517340725,350.8944061835392,
2026-01-19 12:04:39,6147.969864360882,22.39412383772071,6.500966350490417,4.877024670957881,
2026-01-19 12:04:40,6170.69007946597,22.720215105087416,4.415413219011556,2.663882667111969,
2026-01-19 12:04:41,6190.073200485508,19.38312101953871,7.025622876162674,5.47649571746511,
2026-01-19 12:04:42,6213.464358207845,23.391157722337272,5.039745964077779,356.606995677279,
2026-01-19 12:04:43,6236.145988715167,22.681630507321543,6.759429497528767,350.50728807164813,
2026-01-19 12:04:44,6256.4803426885455,20.334353973378285,5.987233588058168,356.27821602689346,
2026-01-19 12:04:45,6277.773055477371,21.292712788825078,4.348335001106463,349.7927089911156,
2026-01-19 12:04:46,6300.168631283906,22.39557580653478,5.620562754502575,14.198656278459355,
2026-01-19 12:04:47,6322.24733148144,22.078700197534367,6.438436490476521,353.04526972414817,
2026-01-19 12:04:48,6343.8090747027345,21.561743221294666,6.735558456569519,0.626462134602578,
2026-01-19 12:04:49,6365.653842300636,21.844767597901058,5.830814523066698,4.217510676769247,
2026-01-19 12:04:50,6387.275876233326,21.62203393268967,7.838134668721263,359.94313157197655,
2026-01-19 12:04:51,6409.50472000148,22.228843768153702,7.20901292518387,359.71454371341895,
2026-01-19 12:04:52,6433.71195796097,24.207237959489735,5.692015060320297,355.22457336097665,
2026-01-19 12:04:53,6451.861970299573,18.150012338603055,21.240689144964154,351.0756513675349,spike
2026-01-19 12:04:54,6473.506694902809,21.644724603235474,8.320552182225825,11.344015323839468,
2026-01-19 12:04:55,6495.7714635348675,22.264768632058672,8.352581520939632,353.9515831090215,
2026-01-19 12:04:56,6518.215454519398,22.44399098453065,4.526400143013003,358.02950997586544,
2026-01-19 12:04:57,6539.657582647416,21.442128128018066,4.888160266611419,350.1379885646172,
2026-01-19 12:04:58,6559.022499973698,19.364917326282125,7.781902544080621,349.3459307053894,
2026-01-19 12:04:59,6581.51449319927,22.491993225571164,4.730062738994835,345.6410075371704,
2026-01-19 12:05:00,6606.105518520516,24.591025321246278,4.412950640049985,350.77461414598616,
2026-01-19 12:05:01,6625.804726413142,19.699207892625793,5.416567043161144,3.058415188343508,
2026-01-19 12:05:02,6649.1004684336895,23.295742020547284,6.504272051369503,1.934152663209324,
2026-01-19 12:05:03,6670.607680599005,21.50721216531566,5.877123952066684,0.1597886012438634,
2026-01-19 12:05:04,6692.515694080262,21.908013481256727,5.219323655513289,14.324098686232281,
2026-01-19 12:05:05,6712.936346314205,20.420652233944075,5.190945045930589,8.27779029047159,
2026-01-19 12:05:06,6734.434662055672,21.498315741466186,5.14519552270475,3.663517066478766,
2026-01-19 12:05:07,6758.38472894772,23.950066892048437,4.944588445609269,9.99609078749398,
2026-01-19 12:05:08,6781.258711810701,22.87398286298156,8.737959452731275,7.750768740471128,
2026-01-19 12:05:09,6805.857179218816,24.598467408114917,6.357013285422666,348.91074307756776,
2026-01-19 12:05:10,6829.623297052282,23.76611783346654,7.064110865285686,358.80866866904034,
2026-01-19 12:05:11,6852.281927070677,22.658630018394366,5.413107038257292,348.52709092192646,
2026-01-19 12:05:12,6876.897828859928,24.615901789251687,5.776851987376741,3.149914464228698,
2026-01-19 12:05:13,6899.556318598035,22.65848973810745,5.143735222355574,357.1052692943656,
2026-01-19 12:05:14,6922.798300863231,23.24198226519559,2.817949998096958,9.241308819118776,
2026-01-19 12:05:15,6944.353444432929,21.555143569697936,4.346388867782561,3.9184137767865663,
2026-01-19 12:05:16,6966.453263156718,22.099818723788808,3.8272575840235263,7.958524819946248,
2026-01-19 12:05:17,6987.407127421768,20.953864265049585,3.3002594664580713,14.439087737318447,
2026-01-19 12:05:18,7010.89150332366,23.484375901892278,4.565569230842277,3.587025232689567,
2026-01-19 12:05:19,7031.124047888988,20.2325445653277,7.589946815257957,3.3153880693713793,
2026-01-19 12:05:20,7054.297573402614,23.17352551362649,5.946676598754775,5.474656678895984,
2026-01-19 12:05:21,7076.011596816356,21.71402341374226,7.5486765147854085,8.948989411933638,
2026-01-19 12:05:22,7099.768467456557,23.75687064020098,6.49317909228105,354.0235651259116,
2026-01-19 12:05:23,7122.894770939654,23.12630348309689,6.939070590858191,2.4761536114714775,
2026-01-19 12:05:24,7147.625740176125,24.7309692364702,4.91892360563451,352.3948154945594,
2026-01-19 12:05:25,7170.721902212833,23.096162036707966,6.628741145031205,355.88550101590494,
2026-01-19 12:05:26,7190.363841829353,19.64193961652014,6.874457080889215,356.5806925712619,
2026-01-19 12:05:27,7212.263412070006,21.8995702406527,5.308023249319569,356.2923330317516,
2026-01-19 12:05:28,7232.505401281113,20.241989211107775,6.6714484447394,11.00494345530884,
2026-01-19 12:05:29,7253.727981517564,21.22258023645059,6.679425310289799,6.60771313231525,
2026-01-19 12:05:30,7277.994824167479,24.266842649915084,5.340536854643901,1.9512162758510039,
2026-01-19 12:05:31,7300.951124883826,22.956300716346544,4.652677881274806,355.05005503768615,
2026-01-19 12:05:32,7321.902729240958,20.95160435713188,4.579046001722073,5.052946691206681,
2026-01-19 12:05:33,7342.382153191297,20.479423950339402,6.103806650305754,7.942933441120655,
2026-01-19 12:05:34,7364.431326330611,22.04917313931439,6.392411842547178,349.3129517238115,
2026-01-19 12:05:35,7384.60648610654,20.175159775928307,5.048969003450503,1.6362034453181677,
2026-01-19 12:05:36,7405.599775690444,20.993289583905128,6.031902409591319,6.091823019453555,
2026-01-19 12:05:37,7428.067789897771,22.468014207326867,6.6846444433661825,350.7749383668373,
2026-01-19 12:05:38,7451.800757951931,23.732968054160043,6.741828857598361,7.2874367305468395,
2026-01-19 12:05:39,7474.713900160267,22.91314220833666,7.862256144146986,0.08197041056160881,
2026-01-19 12:05:40,7493.27696589737,18.56306573710285,7.532376998637652,359.39673597514127,
2026-01-19 12:05:41,7515.733515990915,22.45655009354539,4.798450280692147,9.366334477509888,
2026-01-19 12:05:42,7537.841566350764,22.108050359848868,8.020303451445628,6.947274188597134,
2026-01-19 12:05:43,7560.462401778823,22.62083542805904,5.362828194533142,5.556446959046368,
2026-01-19 12:05:44,7584.886716301299,24.42431452247681,7.253847374945313,356.8789093589402,
2026-01-19 12:05:45,7603.791858886092,18.905142584792884,6.081583951261306,1.6605953889139928,
2026-01-19 12:05:46,7624.905203748305,21.113344862213342,5.505420745851639,0.9218121357227416,
2026-01-19 12:05:47,7647.791563232495,22.88635948419003,3.8307637682700806,355.46072353261115,
2026-01-19 12:05:48,7667.419171633313,19.627608400819085,5.794122587740382,4.523885973599499,
2026-01-19 12:05:49,7691.633095205394,24.21392357208026,4.128740117633269,1.4407840426063596,
2026-01-19 12:05:50,7714.185630124445,22.552534919050988,7.160759083011326,3.031011644938455,
2026-01-19 12:05:51,7737.455506103211,23.269875978765107,7.820151188567098,359.94820216736986,
2026-01-19 12:05:52,7758.599090610928,21.143584507717307,5.043706812843972,3.505944011276612,
2026-01-19 12:05:53,7781.819736145878,23.220645534949316,6.362364891023125,6.941213132252563,
2026-01-19 12:05:54,7805.422443479862,23.602707333983556,5.12953017359043,7.0913750429961215,
2026-01-19 12:05:55,7827.771760510067,22.349317030205754,5.245818323835852,354.77818650076836,
2026-01-19 12:05:56,7850.123361849115,22.351601339048045,6.929393644638446,37.8344729634116,
2026-01-19 12:05:57,7872.528876708037,22.40551485892259,5.953754085787905,352.0920225103706,
2026-01-19 12:05:58,7893.233858810929,20.704982102890927,8.087577650317215,1.2630437434081605,
2026-01-19 12:05:59,7915.012565790568,21.77870697963947,5.4213210255564945,354.7352294692449,
2026-01-19 12:06:00,7936.78378199189,21.77121620132146,16.81395747626439,4.696914094160702,spike
2026-01-19 12:06:01,7959.35887278842,22.575090796530244,6.116896095549339,3.195298571042342,
2026-01-19 12:06:02,7982.858609158785,23.499736370365444,6.95493361169308,346.9887450458967,
2026-01-19 12:06:03,8003.270805035817,20.412195877032385,5.463410811204064,351.9605282986203,
2026-01-19 12:06:04,8025.083291490338,21.812486454520634,5.940529394938101,3.101948265523844,
2026-01-19 12:06:05,8049.305474811826,24.22218332148846,5.861401344841278,2.3126090409551767,
2026-01-19 12:06:06,8070.190092468607,20.884617656781153,4.996731462185055,3.7368420553799773,
2026-01-19 12:06:07,8090.956717442671,20.76662497406452,6.794497841498103,9.713803401273324,
2026-01-19 12:06:08,8113.260176730418,22.30345928774679,6.780298806694037,5.796952164996957,
2026-01-19 12:06:09,8136.526754516146,23.26657778572798,6.71226563388668,357.06796188864456,
2026-01-19 12:06:10,8158.543893599487,22.01713908334099,,5.682032744078597,dropout
2026-01-19 12:06:11,8182.537334485142,23.993440885655485,7.7392137614835645,354.0421157395347,
2026-01-19 12:06:12,8205.822525458992,23.28519097384979,5.550066372181037,5.016531530619464,
2026-01-19 12:06:13,8229.085255559328,23.262730100335094,6.4476627821210135,6.02596791377416,
2026-01-19 12:06:14,8251.916430311314,22.83117475198614,5.251679172890145,350.8223340467663,
2026-01-19 12:06:15,8277.407909961834,25.49147965051913,6.028026379337467,13.306845303436095,
2026-01-19 12:06:16,8299.100167428534,21.692257466700934,5.280300661057362,350.861116037261,
2026-01-19 12:06:17,8318.094883990434,18.99471656190023,7.944084370963261,8.436184232710943,
2026-01-19 12:06:18,8342.50126553271,24.40638154227571,6.436437780411556,355.8776106790156,
2026-01-19 12:06:19,8363.814716386274,21.31345085356476,5.738365046274693,355.93838232357376,
2026-01-19 12:06:20,8385.97653705279,22.16182066651455,7.4323422862276525,1.8031710337132667,
2026-01-19 12:06:21,8409.94086308008,23.96432602729079,3.395261508245506,10.07049424321562,
2026-01-19 12:06:22,8429.537473768492,19.596610688411612,3.583076886161652,1.571294384890281,
2026-01-19 12:06:23,8449.660002947334,20.12252917884079,6.955006386263729,4.964264528432118,
2026-01-19 12:06:24,8469.258086041655,19.59808309432172,6.072562137740841,358.0985829519692,
2026-01-19 12:06:25,8490.066881606617,20.808795564961866,6.3005355603129125,359.96477416126265,
2026-01-19 12:06:26,8512.726336515643,22.65945490902549,4.408324676017742,9.19211831046901,
2026-01-19 12:06:27,8535.512618279863,22.786281764219158,5.9721195469795605,3.1343339759702618,
2026-01-19 12:06:28,8557.927029548857,22.41441126899283,8.40421129248161,0.564788100247843,
2026-01-19 12:06:29,8577.807880723018,19.88085117416145,6.989039543755036,5.917841457833719,
2026-01-19 12:06:30,8596.342725568069,18.534844845051033,6.203647854171375,2.910350274275907,
2026-01-19 12:06:31,8618.424255946155,22.081530378085574,5.473135307874075,3.1167133688978557,
2026-01-19 12:06:32,8639.716591895696,21.292335949542498,5.526512577756727,352.51196990439325,
2026-01-19 12:06:33,8662.405670553271,22.689078657574917,3.444962532959979,0.3530665642626136,
2026-01-19 12:06:34,8685.458600992602,23.052930439331906,6.309168505105393,1.378539149272671,
2026-01-19 12:06:35,8707.665963140691,22.207362148088023,7.014579730178225,5.616319968595475,
2026-01-19 12:06:36,8730.806162768755,23.14019962806378,4.109256807395262,351.3677502706834,
2026-01-19 12:06:37,8753.149979829928,22.343817061172604,5.206299729231821,9.952641205959399,
2026-01-19 12:06:38,8775.94507688833,22.7950970584022,4.611042441319894,2.339753118553508,
2026-01-19 12:06:39,8796.888066994026,20.942990105695177,4.841578566229484,353.78031131624334,
2026-01-19 12:06:40,8818.618649873279,21.73058287925281,6.06417795218628,1.8634308261183645,
2026-01-19 12:06:41,8840.913814018264,22.295164144985435,3.498717414013831,357.4075825944258,
2026-01-19 12:06:42,8864.14460673139,23.230792713126128,6.7371245260284764,352.2848473046313,
2026-01-19 12:06:43,8885.553994973054,21.40938824166314,6.9046260839204185,10.313915243166925,
2026-01-19 12:06:44,8908.335745856652,22.781750883598168,5.698676894355705,2.3740555727251045,
2026-01-19 12:06:45,8929.936987668778,21.601241812126933,3.02314978801855,352.4015851616207,
2026-01-19 12:06:46,8951.760674417787,21.823686749007805,4.8042976487971325,349.98677895061934,
2026-01-19 12:06:47,8975.004952980822,23.244278563036108,7.4794823209232355,0.9359338823671122,
2026-01-19 12:06:48,8994.015362424241,19.010409443418766,2.666406863125713,22.834638332535356,
2026-01-19 12:06:49,9014.070653932129,20.05529150788786,5.582971905367777,8.124724820894967,
2026-01-19 12:06:50,9033.847375835965,19.776721903835767,4.583999065839289,9.210577670462246,
2026-01-19 12:06:51,9052.346951656193,18.49957582022754,6.965484361901804,0.7191498098816727,
2026-01-19 12:06:52,9073.32955499596,20.982603339767234,5.189863257427846,5.178633123853865,
2026-01-19 12:06:53,9096.453705845552,23.12415084959161,6.484744824882734,353.7278902647717,
2026-01-19 12:06:54,9118.026379745977,21.57267390042614,6.678552503002912,356.8787868779414,
2026-01-19 12:06:55,9140.32306486889,22.296685122912777,8.203471007676024,351.64792327829724,
2026-01-19 12:06:56,9163.956891113956,23.63382624506619,5.756469667589556,359.66515322613,
2026-01-19 12:06:57,9187.948420312357,23.991529198401537,6.451253243547134,356.44640208737434,
2026-01-19 12:06:58,9209.844713410268,21.896293097910792,4.217933425047077,356.0258356434341,
2026-01-19 12:06:59,9233.875092244622,24.030378834354096,7.428496275952493,357.7478146710833,
2026-01-19 12:07:00,9256.013282232272,22.138189987651163,5.087389382314362,8.118117683085801,
2026-01-19 12:07:01,9276.75718489653,20.74390266425881,5.327095003094706,6.149163044145455,
2026-01-19 12:07:02,9297.865584368234,21.108399471701897,5.973302646180947,7.995255543929908,
2026-01-19 12:07:03,9317.644779599386,19.779195231152475,4.124538785592181,1.0348784932903135,
2026-01-19 12:07:04,9338.312578818786,20.667799219399523,6.274524034714726,358.87020166396456,
2026-01-19 12:07:05,9359.775553786674,21.462974967888357,7.160959527510013,1.7034771146420935,
2026-01-19 12:07:06,9382.980931315742,23.205377529067903,6.35152058819675,0.005029557169153875,
2026-01-19 12:07:07,9407.562086062491,24.581154746748975,4.09332292298553,6.33419604654482,
2026-01-19 12:07:08,9427.488813789425,19.92672772693444,5.851428846804408,356.4472517784199,
2026-01-19 12:07:09,9450.078054991814,22.58924120238988,6.890434683575389,7.750609938036051,
2026-01-19 12:07:10,9470.517239083078,20.439184091263698,3.7464134808409106,7.184447323569788,
2026-01-19 12:07:11,9493.229284715773,22.712045632694803,4.710280783418743,351.4504399119902,
2026-01-19 12:07:12,9515.032654739742,21.80337002396841,7.0518523248978235,351.14104622795463,
2026-01-19 12:07:13,9534.28629600097,19.253641261228704,6.324114521036744,4.829267615090093,
2026-01-19 12:07:14,9557.678741488322,23.392445487352727,6.494365898552105,6.651565580889603,
2026-01-19 12:07:15,9578.77124041911,21.092498930786903,8.231393769147974,354.32428337470105,
2026-01-19 12:07:16,9599.97039006155,21.199149642439668,6.562263334207443,355.78557842004074,
2026-01-19 12:07:17,9620.365761444615,20.395371383065466,6.789465612519815,350.10278635983093,
2026-01-19 12:07:18,9641.384336529583,21.018575084968667,9.252894632661992,2.3212742877111876,
2026-01-19 12:07:19,9664.026172190626,22.641835661042375,5.743434530291411,5.207328395971387,
2026-01-19 12:07:20,9685.742305679221,21.716133488595393,5.042540683657806,2.5055899614825616,
2026-01-19 12:07:21,9708.235298682644,22.49299300342372,6.513355677896559,352.10170468724834,
2026-01-19 12:07:22,9730.778181463538,22.542882780893265,6.526789235266674,0.5002825795913814,
2026-01-19 12:07:23,9754.75917394683,23.98099248329225,5.3679415296645505,10.063099700666221,
2026-01-19 12:07:24,9776.244994720533,21.48582077370343,4.761123576534183,354.9296082829774,
2026-01-19 12:07:25,9796.029707995265,19.784713274731402,8.771813306508093,352.2272522154302,
2026-01-19 12:07:26,9819.630541620123,23.600833624857973,6.392212164465628,354.30495044255133,
2026-01-19 12:07:27,9841.133309361978,21.502767741854118,5.121257542317509,4.243017213726433,
2026-01-19 12:07:28,9864.805198028844,23.671888666866064,7.0991163627355185,17.127049660442538,
2026-01-19 12:07:29,9887.380263698617,22.575065669773707,5.869025818126398,4.089882338547119,
2026-01-19 12:07:30,9909.183557403312,21.803293704694983,5.696542264418603,6.020773407024066,
2026-01-19 12:07:31,9931.706721244382,22.523163841069444,6.674727446297392,3.408888344239167,
2026-01-19 12:07:32,9956.633240084571,24.92651884018945,4.449741278121972,6.48930224024122,
2026-01-19 12:07:33,9981.748710878152,25.11547079358063,6.423152644700607,8.342459711544977,
2026-01-19 12:07:34,10003.85278258085,22.10407170269917,8.295545769278103,352.73524290056,
2026-01-19 12:07:35,10026.093068470826,22.240285889975613,6.559413194636773,354.29194565569424,
2026-01-19 12:07:36,10049.707428707025,23.614360236199577,5.548545475459843,5.9565971385338425,
2026-01-19 12:07:37,10070.438937157873,20.731508450848978,5.39147366348611,6.081941544440797,
2026-01-19 12:07:38,10092.9385427168,22.49960555892738,5.507592031985869,1.36400922194513,
2026-01-19 12:07:39,10114.89974844487,21.961205728069217,5.695244786342663,6.673996298201538,
2026-01-19 12:07:40,10137.370610762056,22.47086231718633,5.5466321606900735,4.463891116762538,
2026-01-19 12:07:41,10158.120557553133,20.749946791075892,7.09957372928948,2.5670410826508525,
2026-01-19 12:07:42,10177.73620631317,19.615648760036546,3.92014907614922,356.5029211904494,
2026-01-19 12:07:43,10196.626731159182,18.89052484601306,7.034400060494561,15.68705351902674,
2026-01-19 12:07:44,10216.950654989698,20.32392383051559,5.544376169828927,357.85384184977795,
2026-01-19 12:07:45,10238.26264206229,21.311987072591002,6.452337342834447,359.17205831687494,
2026-01-19 12:07:46,10259.822854682316,21.560212620026856,4.647614507758964,2.20711416106971,
2026-01-19 12:07:47,10284.72870142596,24.905846743644275,7.594357280219323,4.793728642095146,
2026-01-19 12:07:48,10308.38769148082,23.658990054860947,7.494761952206248,7.186668130465939,
2026-01-19 12:07:49,10328.944554806309,20.55686332548756,7.151508630900088,7.219186086901254,
2026-01-19 12:07:50,10351.466117484984,22.521562678676435,4.182294269047753,352.4863688852125,
2026-01-19 12:07:51,10372.85550013046,21.389382645474512,6.994945285279264,2.4205587734506815,
2026-01-19 12:07:52,10394.4289543734,21.573454242939857,6.48582610516285,6.361761774006181,
2026-01-19 12:07:53,10416.706942847522,22.277988474123074,4.073674503440919,1.4957621435576862,
2026-01-19 12:07:54,10439.635699522985,22.92875667546309,5.970843139475021,2.5214280679439534,
2026-01-19 12:07:55,10461.12681179716,21.491112274173975,6.437441386839915,1.3291641019989622,
2026-01-19 12:07:56,10484.722589096262,23.595777299101538,6.667290328587781,0.24644458160692206,
2026-01-19 12:07:57,10505.009681757048,20.287092660786392,6.2127136403386265,354.121624042965,
2026-01-19 12:07:58,10527.019190350591,22.0095085935434,6.349477700216855,7.754446803915551,
2026-01-19 12:07:59,10552.915700940484,25.896510589893747,7.768333670703715,8.90666147991252,
2026-01-19 12:08:00,10575.250320554422,22.334619613937914,7.471240691892816,0.6636570983090726,
2026-01-19 12:08:01,10599.40014231433,24.14982175990926,2.559534055460708,350.1368068059645,
2026-01-19 12:08:02,10621.53742258159,22.13728026725981,5.619073734194782,357.95484238142984,
2026-01-19 12:08:03,10644.408588224585,22.871165642994693,5.802418766947259,8.45235007218142,
2026-01-19 12:08:04,10666.323413432996,21.914825208410964,3.8974817127276347,5.708479320020121,
2026-01-19 12:08:05,10688.06780206125,21.744388628253695,6.113019669878774,7.5084384005966625,
2026-01-19 12:08:06,10708.898578466162,20.83077640491187,7.4985093268926075,6.520093196194453,
2026-01-19 12:08:07,10731.544030504598,22.64545203843633,4.696118568491292,359.43070935793503,
2026-01-19 12:08:08,10752.26672472082,20.72269421622135,6.403681126427847,359.0078408984358,
2026-01-19 12:08:09,10775.26510257529,22.998377854470142,4.901011827244274,355.3114268970692,
2026-01-19 12:08:10,10798.893033081958,23.627930506668864,5.193705571584387,7.259669125091649,
2026-01-19 12:08:11,10821.442830192815,22.549797110855845,7.772872361004042,359.10475867242747,
2026-01-19 12:08:12,10843.013457092482,21.57062689966646,5.34893061586581,354.9209685606566,
2026-01-19 12:08:13,10865.694405461445,22.680948368963044,6.55465498681275,1.0756025301271417,
2026-01-19 12:08:14,10887.231395878125,21.536990416680382,3.7545382607268154,2.1070572562366428,
2026-01-19 12:08:15,10910.634716566323,23.403320688197724,8.234781073673856,3.570779758932737,
2026-01-19 12:08:16,10929.88760744,19.252890873677316,6.723182935567799,358.0185744686904,
2026-01-19 12:08:17,10951.384196387822,21.49658894782203,5.781000188819686,359.3117929354395,
2026-01-19 12:08:18,10970.397978395136,19.013782007314003,6.690655811999874,1.7126588143697843,
2026-01-19 12:08:19,10990.155387149796,19.757408754659192,4.308216685262628,5.345015344900022,
2026-01-19 12:08:20,11014.201180494518,24.045793344720863,7.419036890103189,350.26013916686315,
2026-01-19 12:08:21,11037.543957967475,23.34277747295753,5.611218269404284,4.536785960112936,
2026-01-19 12:08:22,11058.464737617547,20.920779650072813,5.755116581941878,9.23421126456726,
2026-01-19 12:08:23,11078.210982433486,19.746244815938656,5.410013262041419,357.20138040561955,
2026-01-19 12:08:24,11095.764189176723,17.553206743237524,5.303218316705299,4.174216966357842,
2026-01-19 12:08:25,11116.948945914824,21.184756738101047,6.833604733954091,356.7451178129315,
2026-01-19 12:08:26,11142.579568433195,25.630622518371105,6.307088220125068,3.3269264385447626,
2026-01-19 12:08:27,11165.23189484039,22.65232640719547,6.782097769683648,2.7053212365663244,
2026-01-19 12:08:28,11186.392536411317,21.160641570925765,5.989446372617314,355.6837534845132,
2026-01-19 12:08:29,11209.090156725568,22.69762031425046,6.615839773292617,351.88750463255764,
2026-01-19 12:08:30,11228.748719196075,19.658562470508336,5.497381507289954,2.401649289500103,
2026-01-19 12:08:31,11250.302734152028,21.554014955953548,8.675678209691458,6.715861564508796,
2026-01-19 12:08:32,11272.451950361552,22.14921620952361,4.118483500283402,3.628621388360653,
2026-01-19 12:08:33,11294.32279938382,21.870849022268427,7.513124788275581,6.918762122390121,
2026-01-19 12:08:34,11317.509008566356,23.18620918253512,7.641488940865165,6.281798055384151,
2026-01-19 12:08:35,11340.02597640571,22.516967839354077,4.977409432841288,9.083531284009897,
2026-01-19 12:08:36,11363.028465432872,23.002489027161996,8.675128332667168,2.806617848539926,
2026-01-19 12:08:37,11383.995907009525,20.96744157665386,7.1945883395343815,5.164824267126479,
2026-01-19 12:08:38,11407.34263012214,23.346723112615823,7.1653668081874935,4.75393728158145,
2026-01-19 12:08:39,11431.786035543577,24.443405421435987,6.033626624431052,7.816592566559139,
2026-01-19 12:08:40,11452.330811264099,20.544775720522882,5.739328610137588,0.8992832222232972,
2026-01-19 12:08:41,11472.999267780528,20.66845651642816,5.74870940755247,351.7654781205098,
2026-01-19 12:08:42,11497.002944285008,24.00367650448035,6.468636715583421,352.5649723054187,
2026-01-19 12:08:43,11518.715928304966,21.71298401995741,7.681423530040675,359.7322997054682,
2026-01-19 12:08:44,11542.821660393065,24.105732088099835,6.217577061433704,358.8986307628008,
2026-01-19 12:08:45,11564.157856825226,21.336196432161724,4.906267652235251,352.17449799153684,
2026-01-19 12:08:46,11588.340425189632,24.182568364406066,6.9893124748619755,9.007335878197631,
2026-01-19 12:08:47,11610.53765391484,22.197228725208177,7.1053808956737505,10.707939068905876,
2026-01-19 12:08:48,11632.924997149825,22.387343234984044,6.785591434137343,5.341485526410352,
2026-01-19 12:08:49,11657.27207418233,24.347077032504856,6.894598687829979,358.353980321046,
2026-01-19 12:08:50,11678.729418466164,21.45734428383374,5.67488624381063,356.4268505561438,
2026-01-19 12:08:51,11699.317735322276,20.588316856112563,4.885212999443304,357.9873872425372,
2026-01-19 12:08:52,11720.644889010235,21.32715368795747,4.958167883231064,2.63208476908008,
2026-01-19 12:08:53,11743.323389936199,22.67850092596471,4.0374441018505705,359.04025478745973,
2026-01-19 12:08:54,11762.974751327927,19.65136139172923,6.28433833385514,4.749013264125298,
2026-01-19 12:08:55,11785.930957681903,22.956206353976683,5.899861460128088,7.462341151445153,
2026-01-19 12:08:56,11807.122800705476,21.191843023573384,5.472014754564349,351.09101507547257,
2026-01-19 12:08:57,11830.844519696577,23.721718991100346,2.453257410785916,3.204489518878461,
2026-01-19 12:08:58,11849.253129239227,18.40860954264929,4.503219036366997,11.039482732481261,
2026-01-19 12:08:59,11870.073280576571,20.82015133734375,7.3450087816838,0.6988464791145015,
2026-01-19 12:09:00,11889.54357834972,19.470297773148847,5.202448799924243,354.71473573149626,
2026-01-19 12:09:01,11910.304234150173,20.76065580045407,6.43271001318821,3.061076953804024,
2026-01-19 12:09:02,11932.675733001837,22.371498851663414,4.331177484029692,7.183175039399811,
2026-01-19 12:09:03,11954.406893063662,21.731160061825367,7.726446578831077,9.389310028811469,
2026-01-19 12:09:04,11976.02682671024,21.619933646577977,5.827166807934388,7.965127067940086,
2026-01-19 12:09:05,11997.78804940317,21.76122269292991,6.348048475780242,8.636638408855505,
2026-01-19 12:09:06,12020.0931317641,22.305082360929916,8.790935750258022,356.22131314939475,
2026-01-19 12:09:07,12040.580327701186,20.48719593708534,7.819728120707285,354.4155438736218,
2026-01-19 12:09:08,12063.640602162533,23.060274461348577,5.632121254455531,8.816185608976726,
2026-01-19 12:09:09,12086.634601118112,22.993998955578228,5.288135778155569,356.1404953653691,
2026-01-19 12:09:10,12109.212158024597,22.57755690648415,5.609345986176562,6.032984747988907,
2026-01-19 12:09:11,12132.046958188723,22.834800164126897,6.6118778981718425,6.9404902354783236,
2026-01-19 12:09:12,12154.491585189935,22.44462700121299,5.8737310388989545,6.347826704240762,
2026-01-19 12:09:13,12179.544195144032,25.052609954096603,5.525707025995834,1.6247600859011073,
2026-01-19 12:09:14,12201.413553887453,21.869358743421234,7.7606175008508504,2.9777139787242906,
2026-01-19 12:09:15,12222.952929059951,21.539375172498136,5.862948129866596,354.535202862561,
2026-01-19 12:09:16,12243.822637689414,20.869708629463933,8.759506911644783,348.0667958214077,
2026-01-19 12:09:17,12264.274243683547,20.451605994133246,6.108891076502608,9.597507363831271,
2026-01-19 12:09:18,12284.407536002145,20.133292318598386,8.142382073069673,4.821068263248528,
2026-01-19 12:09:19,12305.074340032299,20.66680403015362,6.428783307252752,359.37934255729215,
2026-01-19 12:09:20,12326.96831945982,21.89397942752189,7.155552687899338,336.17284626439294,
2026-01-19 12:09:21,12349.469762152567,22.501442692746572,5.130466738178731,3.518517561355572,
2026-01-19 12:09:22,12371.546475240395,22.076713087828242,16.47695647808857,6.3680138296840845,spike
2026-01-19 12:09:23,12392.39817232425,20.85169708385543,6.551647146017985,2.410162286081923,
2026-01-19 12:09:24,12415.74844917028,23.350276846029946,7.1862638909583785,0.35278453175461255,
2026-01-19 12:09:25,12438.857568178732,23.109119008451422,6.048307802400555,1.4937407032672123,
2026-01-19 12:09:26,12460.618095717598,21.760527538866974,4.456327997899564,3.6502809835753016,
2026-01-19 12:09:27,12481.638721500602,21.02062578300293,4.367689960452807,349.67342095977006,
2026-01-19 12:09:28,12504.461363381846,22.8226418812447,4.28743631737651,0.6312706916521673,
2026-01-19 12:09:29,12526.743323763076,22.28196038122916,3.878853464472743,357.1330080848551,
2026-01-19 12:09:30,12546.571132873953,19.82780911087743,6.131382431336505,349.6181156082684,
2026-01-19 12:09:31,12568.469162489975,21.898029616023393,7.35005270604963,3.038151357225158,
2026-01-19 12:09:32,12590.862216208086,22.39305371811157,5.98390105569023,356.2166017847447,
2026-01-19 12:09:33,12611.512674028354,20.650457820268368,3.2875022911945773,350.44962401854923,
2026-01-19 12:09:34,12633.79743911761,22.284765089256165,5.771087447598542,350.90295066256454,
2026-01-19 12:09:35,12653.615205389724,19.817766272113317,5.8046412040408715,354.62351574172874,
2026-01-19 12:09:36,12677.619484539742,24.004279150018256,8.515198500270527,357.0146011500962,
2026-01-19 12:09:37,12701.491409517332,23.87192497758915,4.251434504496532,9.325801878514127,
2026-01-19 12:09:38,12723.112633515877,21.621223998545553,5.531186876880965,3.6950252735046876,
2026-01-19 12:09:39,12745.657815022636,22.54518150675861,8.047023216653477,355.2946263799688,
2026-01-19 12:09:40,12764.042932073937,18.38511705130019,6.539974009615857,352.0152209857718,
2026-01-19 12:09:41,12784.308410583539,20.265478509602,6.67597568821971,357.3327365129397,
2026-01-19 12:09:42,12805.86774220331,21.559331619771804,6.137501324428654,352.9564916466834,
2026-01-19 12:09:43,12826.25954267117,20.39180046785971,6.395932246388718,8.844373944480864,
2026-01-19 12:09:44,12849.331137395116,23.07159472394599,6.933131436334243,356.3464948265094,
2026-01-19 12:09:45,12874.32708219124,24.99594479612199,5.0286164173286805,346.6003920570995,
2026-01-19 12:09:46,12894.562160112095,20.235077920856046,7.05367029468984,3.4011197748409447,
2026-01-19 12:09:47,12915.305965005968,20.743804893872213,4.352396379737353,11.974487469166261,
2026-01-19 12:09:48,12937.659137558432,22.353172552464894,6.394041567397846,8.074415061985476,
2026-01-19 12:09:49,12962.075811781182,24.416674222749432,6.214489155943593,2.771317891787602,
2026-01-19 12:09:50,12982.242250312373,20.166438531190146,5.26044829416947,10.218054788462204,
2026-01-19 12:09:51,13004.615804495834,22.373554183460413,5.972777669609224,2.0379367179955215,
2026-01-19 12:09:52,13029.347752772053,24.73194827621966,5.252951816801336,9.036399214936022,
2026-01-19 12:09:53,13048.870114049785,19.5223612777311,4.713958407765907,359.56449101630795,
2026-01-19 12:09:54,13068.948510239516,20.07839618973125,5.575662310063627,9.29303132715663,
2026-01-19 12:09:55,13090.313100329824,21.36459009030874,4.675213637554006,352.0897052727144,
2026-01-19 12:09:56,13111.53221771054,21.219117380716884,6.387356956911898,3.4866999402637617,
2026-01-19 12:09:57,13134.751119642171,23.218901931630466,4.619897407017164,359.012823478471,
2026-01-19 12:09:58,13157.113609221902,22.362489579731257,6.8543724275892615,358.2877488044347,
2026-01-19 12:09:59,13176.45116613244,19.337556910536808,4.582225118485416,357.30515676687287,
2026-01-19 12:10:00,13199.224281736791,22.773115604351215,5.320446101302792,7.215814023981295,
2026-01-19 12:10:01,13220.357973405758,21.133691668966524,5.250475910141785,0.11012076696109485,
2026-01-19 12:10:02,13244.26964423117,23.911670825411857,7.590176074649807,7.481489575725432,
2026-01-19 12:10:03,13265.328262926514,21.05861869534462,6.39634793473991,6.768888248146398,
2026-01-19 12:10:04,13286.373340001861,21.045077075346647,5.745919436946727,4.7563077811682595,
2026-01-19 12:10:05,13309.185037418069,22.811697416206798,6.598463329283668,346.8365645974099,
2026-01-19 12:10:06,13332.329427141574,23.144389723505405,3.4713691832043745,356.27316481061246,
2026-01-19 12:10:07,13355.001576187478,22.672149045904305,5.948239692430911,7.2010149721347965,
2026-01-19 12:10:08,13374.473180211402,19.471604023922787,8.397017013365716,13.247196610926434,
2026-01-19 12:10:09,13397.280231871295,22.807051659892377,6.158815807683207,8.757681687192724,
2026-01-19 12:10:10,13417.728769793783,20.448537922488402,6.081495803003203,3.4803230842031567,
2026-01-19 12:10:11,13440.081683961165,22.352914167382394,6.657754055570635,0.5582410343202469,
2026-01-19 12:10:12,13459.946082308066,19.86439834690141,7.074726291977215,7.063833907071377,
2026-01-19 12:10:13,13482.61556552938,22.669483221314596,3.6030399685321686,6.938574045246809,
2026-01-19 12:10:14,13503.40566717292,20.79010164353894,3.981208221850768,7.816060297286617,
2026-01-19 12:10:15,13523.48171519753,20.076048024609218,6.252349549303376,0.9641360896469875,
2026-01-19 12:10:16,13546.552445402252,23.0707302047236,5.142148125722988,353.6258571246972,
2026-01-19 12:10:17,13568.914912184768,22.362466782515128,7.574430314663897,355.1367108628983,
2026-01-19 12:10:18,13589.993946982679,21.079034797910655,5.621790732137732,7.590455908878247,
2026-01-19 12:10:19,13614.17071525621,24.176768273531597,3.6785631171442588,4.303301751115205,
2026-01-19 12:10:20,13635.509736623855,21.339021367645387,4.478383299787204,5.5528937018972115,
2026-01-19 12:10:21,13657.557898134812,22.0481615109564,2.7003887764433094,9.349818480593857,
2026-01-19 12:10:22,13679.96126830633,22.403370171517903,5.719049355260505,8.452602954816555,
2026-01-19 12:10:23,13701.031769405137,21.070501098807078,5.77393904728274,4.353115987835012,
2026-01-19 12:10:24,13723.738473845237,22.706704440099895,5.490644748261722,356.90964229374435,
2026-01-19 12:10:25,13744.93829532449,21.199821479252915,7.294654846835686,9.541098926612754,
2026-01-19 12:10:26,13766.320837841165,21.382542516675684,7.438223803820033,8.095564723639463,
2026-01-19 12:10:27,13790.36480180087,24.04396395970501,5.795533891972666,358.5749727268185,
2026-01-19 12:10:28,13810.803922722102,20.43912092123135,3.438367599027773,3.747384244366877,
2026-01-19 12:10:29,13829.184752225707,18.380829503605764,6.74073789659071,8.084104488858358,
2026-01-19 12:10:30,13853.601157718225,24.416405492517843,6.66643227421029,8.115318868484126,
2026-01-19 12:10:31,13879.425149647135,25.823991928910505,6.371269884188334,352.24261899113066,
2026-01-19 12:10:32,13900.817245748962,21.392096101826002,7.177775699169739,356.6751913128022,
2026-01-19 12:10:33,13919.91198868803,19.09474293906972,4.602206284246752,7.3409901254354235,
2026-01-19 12:10:34,13941.446262723737,21.534274035706083,8.410506463422166,2.800555936700074,
2026-01-19 12:10:35,13963.016928298975,21.570665575238998,4.848686696229758,352.32650126680187,
2026-01-19 12:10:36,13984.732042537442,21.715114238466615,6.899067512641025,3.954942435834984,
2026-01-19 12:10:37,14005.061960474559,20.329917937117227,3.9751827667039783,5.075964746560433,
2026-01-19 12:10:38,14027.931302188274,22.869341713714714,4.883682375275939,357.8185913288826,
2026-01-19 12:10:39,14050.718063251203,22.78676106292913,7.819642376070403,351.15601463230274,
2026-01-19 12:10:40,14070.476454821473,19.75839157027104,5.68692021239898,3.410066660282275,
2026-01-19 12:10:41,14093.525249919016,23.04879509754233,7.007907126159357,5.224822612356608,
2026-01-19 12:10:42,14118.604277391934,25.07902747291884,6.284346466463095,3.874520032377196,
2026-01-19 12:10:43,14140.86221789059,22.25794049865559,5.8740502127997924,355.8173907488358,
2026-01-19 12:10:44,14162.356230147487,21.494012256897243,7.636620389919227,6.951965483218349,
2026-01-19 12:10:45,14184.143225325875,21.786995178388718,5.71600941041772,0.6841712518054646,
2026-01-19 12:10:46,14207.066110476328,22.922885150452842,3.8631142709238353,357.56314053701055,
2026-01-19 12:10:47,14226.470103068066,19.403992591739172,5.0361118896579535,355.1245394117799,
2026-01-19 12:10:48,14248.716689122532,22.246586054465954,6.661430074442033,351.6059000985894,
2026-01-19 12:10:49,14270.130993198338,21.414304075805784,6.47461092763501,11.750212157946553,
2026-01-19 12:10:50,14294.902730717771,24.77173751943407,4.119530099717474,8.12851295637896,
2026-01-19 12:10:51,14316.641471617064,21.738740899292562,5.130788976710159,355.8885289701978,
2026-01-19 12:10:52,14341.143303033743,24.50183141667928,5.301934380957304,354.8921766542592,
2026-01-19 12:10:53,14361.48769198707,20.344388953326987,5.56143648706293,6.026537524326118,
2026-01-19 12:10:54,14384.368580737273,22.88088875020419,4.348903693678138,357.00325253418447,
2026-01-19 12:10:55,14406.84768113296,22.479100395686842,5.2459546702566255,7.157218211771497,
2026-01-19 12:10:56,14427.544110261162,20.696429128202826,5.125667417688567,1.331804214156957,
2026-01-19 12:10:57,14449.810204433117,22.266094171955412,6.925839911714303,5.2597723502029705,
2026-01-19 12:10:58,14473.628982688364,23.818778255247402,6.970945573188293,6.681291319104516,
2026-01-19 12:10:59,14495.143295131935,21.5143124435701,5.825027450293421,8.302683813214639,
2026-01-19 12:11:00,14514.60535115818,19.462056026245357,5.529552244955122,347.65395919049973,
2026-01-19 12:11:01,14536.579006918464,21.97365576028383,6.167909174446936,3.619372531028408,
2026-01-19 12:11:02,14557.225372276276,20.64636535781123,5.02010987105331,354.18472927970663,
2026-01-19 12:11:03,14578.71186086828,21.486488592004175,4.623801501399071,2.5141521296889033,
2026-01-19 12:11:04,14600.589479213751,21.877618345472317,4.8717345492891395,2.902340428115828,
2026-01-19 12:11:05,14620.031000889729,19.441521675976723,5.238224203234252,0.9216619673302278,
2026-01-19 12:11:06,14639.607513380748,19.57651249101898,4.603831440249275,5.662448600930607,
2026-01-19 12:11:07,14662.330613634036,22.723100253288287,6.19447147087545,4.776218271818927,
2026-01-19 12:11:08,14683.546535589781,21.21592195574548,6.87565880854045,359.4763483394041,
2026-01-19 12:11:09,14701.699419077051,18.15288348726915,4.09548203904211,353.1328432478259,
2026-01-19 12:11:10,14724.876685131963,23.177266054912202,6.03015445345924,1.2867034768438903,
2026-01-19 12:11:11,14747.285239764875,22.40855463291136,5.736077045680397,352.3154048194773,
2026-01-19 12:11:12,14768.214427528821,20.929187763945276,6.4098104226441635,353.0895908266673,
2026-01-19 12:11:13,14788.239182212234,20.024754683412638,5.984473478275694,351.8026541427001,
2026-01-19 12:11:14,14811.492894056704,23.253711844471507,4.255680864082043,356.3705887967792,
2026-01-19 12:11:15,14834.016919990545,22.524025933840644,4.485132841371401,359.6318762102622,
2026-01-19 12:11:16,14859.590823414572,25.57390342402611,6.035308290701967,354.26354827153136,
2026-01-19 12:11:17,14882.22110631266,22.630282898087405,7.234537103694612,349.9150033603504,
2026-01-19 12:11:18,14904.802661024552,22.581554711893023,3.342975154748397,358.85491074382304,
2026-01-19 12:11:19,14926.55226912939,21.74960810483715,6.4148718957618955,356.5783976854822,
2026-01-19 12:11:20,14949.777432930192,23.225163800801187,,2.664452243631124,dropout
2026-01-19 12:11:21,14972.715060732064,22.93762780187223,5.816368948552545,356.5748999972576,
2026-01-19 12:11:22,14996.592648244912,23.877587512847793,6.660242995231729,2.567008211203532,
2026-01-19 12:11:23,15017.810663866956,21.218015622044074,5.156317102922637,7.500847722317863,
2026-01-19 12:11:24,15039.15755265754,21.346888790584057,5.856760560867748,3.8831163231532653,
2026-01-19 12:11:25,15060.438897901171,21.28134524363203,4.054903778030218,1.1399491008819589,
2026-01-19 12:11:26,15083.62510048294,23.186202581768484,3.1867880298973517,3.8876148280483624,
2026-01-19 12:11:27,15107.872662143383,24.247561660445097,7.13131896147033,5.903439345266209,
2026-01-19 12:11:28,15129.18440140366,21.31173926027605,4.81800608673067,6.299538875298338,
2026-01-19 12:11:29,15150.54724081197,21.362839408310364,5.453366585995884,12.513516527972516,
2026-01-19 12:11:30,15173.018356647774,22.4711158358047,4.336269296075768,2.3243626399863224,
2026-01-19 12:11:31,15194.649714397754,21.631357749980648,4.308036356299349,353.35863707419355,
2026-01-19 12:11:32,15218.077794877463,23.428080479709834,5.791394759886461,6.704495787277706,
2026-01-19 12:11:33,15236.700128941535,18.62233406407143,5.124507367037224,4.906308163196739,
2026-01-19 12:11:34,15257.460071371159,20.759942429624658,6.453565197593639,2.9975274160453873,
2026-01-19 12:11:35,15278.286446870217,20.826375499057832,6.54304610277551,358.80297129462303,
2026-01-19 12:11:36,15296.805912851638,18.519465981420783,6.385019575589529,2.9566617637879378,
2026-01-19 12:11:37,15317.360455185084,20.554542333446793,6.286320949114132,353.2325768708285,
2026-01-19 12:11:38,15337.987721011315,20.62726582623111,7.893321845918264,348.70456427785643,
2026-01-19 12:11:39,15359.686064029538,21.698343018221756,4.718887477146136,1.8172846333176542,
2026-01-19 12:11:40,15383.355512867029,23.669448837490396,5.934078160556498,0.12533542585807744,
2026-01-19 12:11:41,15404.987921890242,21.632409023213945,7.359227784623506,7.335146181171792,
2026-01-19 12:11:42,15425.441701309835,20.453779419593268,7.517447771205644,7.404367349657175,
2026-01-19 12:11:43,15447.356269498016,21.914568188179707,4.293883620786513,1.3844828416765007,
2026-01-19 12:11:44,15470.930029930178,23.573760432162025,5.625173470012956,3.9590854777475153,
2026-01-19 12:11:45,15491.466091706005,20.536061775827644,7.629745315040712,1.710277799501644,
2026-01-19 12:11:46,15512.100229380123,20.634137674117827,6.609694926238879,354.2472325717957,
2026-01-19 12:11:47,15534.938052819034,22.837823438911336,6.234315637775727,353.2265204818915,
2026-01-19 12:11:48,15556.605748645437,21.6676958264038,5.738778367878412,8.29975155845641,
2026-01-19 12:11:49,15579.576975681503,22.97122703606421,5.539438889150706,352.11055856453044,
2026-01-19 12:11:50,15601.556505493809,21.979529812307057,6.345862875708389,9.20741944211008,
2026-01-19 12:11:51,15624.609000965944,23.05249547213435,5.69715105001862,358.93723231394614,
2026-01-19 12:11:52,15645.056383794883,20.447382828939038,5.9489056547466665,0.009488803424829939,
2026-01-19 12:11:53,15667.038256818701,21.9818730238176,6.094318447338045,356.03844539161287,
2026-01-19 12:11:54,15688.722221797158,21.683964978455265,5.186314165807801,3.3666763575819516,
2026-01-19 12:11:55,15708.898385411001,20.176163613843805,6.638555248657726,6.973727952734782,
2026-01-19 12:11:56,15728.553168489198,19.654783078196967,9.497093578098504,4.83863045386395,
2026-01-19 12:11:57,15751.581792042109,23.02862355291199,3.86761603280871,356.30519577372627,
2026-01-19 12:11:58,15773.055363468782,21.473571426673033,6.388815029027976,355.1515199779584,
2026-01-19 12:11:59,15793.521943046311,20.466579577529007,5.0877718936573135,5.517638147583476,
2026-01-19 12:12:00,15815.377674640926,21.855731594615,6.6928830930231,355.9837892375847,
2026-01-19 12:12:01,15839.06970292695,23.692028286023955,6.055868967993433,354.8852868493008,
2026-01-19 12:12:02,15857.648596158893,18.578893231942114,6.9142257288509565,354.78955162777845,
2026-01-19 12:12:03,15877.403638124038,19.75504196514501,7.410607891810535,5.4605254700312384,
2026-01-19 12:12:04,15898.019308461196,20.6156703371571,6.230905341321818,352.831676811222,
2026-01-19 12:12:05,15922.211076761278,24.191768300080494,7.358462746097014,5.546409132050803,
2026-01-19 12:12:06,15944.634957235656,22.423880474378944,3.1868425274535874,7.095125810489565,
2026-01-19 12:12:07,15967.785933096347,23.15097586069184,7.9085427574992275,5.031976118195254,
2026-01-19 12:12:08,15988.075691717659,20.289758621310654,6.450074582270808,4.538660020770656,
2026-01-19 12:12:09,16008.396387904753,20.32069618709421,7.293412026894218,9.257248744988729,
2026-01-19 12:12:10,16031.068108479838,22.671720575084066,4.536149106190174,1.086236479834262,
2026-01-19 12:12:11,16053.15551997624,22.08741149640317,5.003076142073597,16.257789813064647,
2026-01-19 12:12:12,16075.978628204537,22.82310822829619,6.175125952973729,6.501029912666944,
2026-01-19 12:12:13,16097.697121718144,21.71849351360732,5.979554532795045,6.523317011350692,
2026-01-19 12:12:14,16120.114337307825,22.41721558968194,6.339682305611987,7.10038389589039,
2026-01-19 12:12:15,16142.351515935183,22.237178627357665,7.30141819311596,357.2736380982993,
2026-01-19 12:12:16,16165.51816701881,23.16665108362739,3.8817356216365813,347.91518064643253,
2026-01-19 12:12:17,16188.728679441727,23.210512422916707,7.168582886060771,2.347580679316051,
2026-01-19 12:12:18,16208.298871450139,19.570192008412345,6.009938291949513,10.613881539070018,
2026-01-19 12:12:19,16226.927968617128,18.629097166988718,5.7554617666505425,3.636413682219931,
2026-01-19 12:12:20,16250.430586713606,23.50261809647726,4.234661718738131,359.08617546392594,
2026-01-19 12:12:21,16274.212174353499,23.781587639892905,6.603658402052238,359.8829841112989,
2026-01-19 12:12:22,16294.68123982423,20.469065470729994,3.1030705787627553,7.104808072495583,
2026-01-19 12:12:23,16313.89148671441,19.21024689018156,6.778072813486455,355.6063593792781,
2026-01-19 12:12:24,16336.040038945921,22.148552231510802,4.209472997432409,353.11631435742055,
2026-01-19 12:12:25,16359.436296285447,23.396257339525793,6.064149495140969,3.863603978556868,
2026-01-19 12:12:26,16384.132688069098,24.69639178365147,5.856997395206496,354.00051096365775,
2026-01-19 12:12:27,16406.90713442725,22.774446358152176,7.40344577675266,12.929041200582358,
2026-01-19 12:12:28,16428.34955938237,21.442424955121457,5.7856137971833315,359.4871366039383,
2026-01-19 12:12:29,16449.009863449995,20.660304067622707,5.167033726625201,5.255910845475419,
2026-01-19 12:12:30,16471.0270403875,22.017176937505983,5.392076764834556,3.5062281346019395,
2026-01-19 12:12:31,16492.578143331673,21.551102944172115,7.527459322505596,352.75869106868095,
2026-01-19 12:12:32,16513.05554147308,20.477398141406777,6.643556363017073,3.6843205186664916,
2026-01-19 12:12:33,16538.128674949374,25.07313347629493,5.537244022172207,351.42497464682214,
2026-01-19 12:12:34,16562.80642755248,24.677752603108196,5.716264296042584,8.914371454659857,
2026-01-19 12:12:35,16586.510500577813,23.70407302533314,4.119387491297464,356.6285192128331,
2026-01-19 12:12:36,16607.1292249811,20.618724403286308,6.466169041021849,357.0764119918273,
2026-01-19 12:12:37,16630.411753967546,23.282528986445918,3.888221150765441,358.674756873956,
2026-01-19 12:12:38,16653.371193581792,22.959439614246854,6.9021557590025475,350.40838849923995,
2026-01-19 12:12:39,16676.0350120181,22.66381843630608,6.154345910989519,12.763467756727476,
2026-01-19 12:12:40,16699.909509918663,23.874497900565665,8.864342159488707,7.884901491199168,
2026-01-19 12:12:41,16722.862566632954,22.953056714291915,4.679837335530833,10.84719667018922,
2026-01-19 12:12:42,16745.97258798741,23.110021354456503,5.876805490751241,351.99720825398333,
2026-01-19 12:12:43,16768.927947412467,22.955359425058315,8.157945241107676,358.3757562835662,
2026-01-19 12:12:44,16791.43913452447,22.51118711200316,7.429667568349697,353.54955619825233,
2026-01-19 12:12:45,16810.763717829897,19.324583305428725,5.164545538104121,353.20853435289416,
2026-01-19 12:12:46,16832.889149446015,22.125431616115836,6.268760914048137,2.818770061644985,
2026-01-19 12:12:47,16854.054861507742,21.165712061726314,6.002399227698104,5.407282452413194,
2026-01-19 12:12:48,16874.135100071282,20.080238563539968,6.338347040872988,356.3559780418993,
2026-01-19 12:12:49,16898.657825000235,24.522724928951234,5.161583476818205,359.739883577849,
2026-01-19 12:12:50,16923.251318011564,24.593493011328555,5.892815516759119,359.4753442740369,
2026-01-19 12:12:51,16947.29014891201,24.03883090044342,4.082337149667944,6.965810359758361,
2026-01-19 12:12:52,16969.672969037292,22.38282012528381,6.162148142241699,13.255578142626673,
2026-01-19 12:12:53,16993.69890671872,24.025937681428985,6.540024808106199,10.449832976000852,
2026-01-19 12:12:54,17015.716986489624,22.018079770902737,5.727096704827339,357.4160592034157,
2026-01-19 12:12:55,17038.02118240497,22.304195915346668,4.061938931298255,10.684303752279135,
2026-01-19 12:12:56,17058.380975349275,20.359792944307024,7.186238235421755,8.745601668058589,
2026-01-19 12:12:57,17080.976462306022,22.59548695674826,6.437430045591363,348.78115970768056,
2026-01-19 12:12:58,17103.067041198658,22.090578892636625,5.128781882758828,352.64047467378475,
2026-01-19 12:12:59,17123.113063023407,20.046021824748305,5.663279463794323,9.382089645983239,
2026-01-19 12:13:00,17145.03626735568,21.923204332275105,4.199196716661794,7.201734043739141,
2026-01-19 12:13:01,17166.916673009895,21.880405654214787,4.769507846666515,359.76361979044805,
2026-01-19 12:13:02,17191.613014759863,24.69634174996696,5.354626384371433,7.442968623184777,
2026-01-19 12:13:03,17214.954334752634,23.341319992770114,7.474104974736181,348.9449534934401,
2026-01-19 12:13:04,17236.97150291127,22.017168158637197,5.232595930935029,4.108711296971155,
2026-01-19 12:13:05,17259.344683875974,22.373180964701625,6.768256391194511,353.1102391517103,
2026-01-19 12:13:06,17281.41100244313,22.066318567156298,5.3540205565661045,349.70247116769247,
2026-01-19 12:13:07,17303.106631465937,21.695629022806678,6.29753707302225,3.004249800152216,
2026-01-19 12:13:08,17323.482990669854,20.37635920391757,5.830325397427438,356.2501596559303,
2026-01-19 12:13:09,17345.256412853443,21.773422183589606,7.047667920111292,8.899007260346327,
2026-01-19 12:13:10,17366.137265468464,20.88085261502123,5.358226394137731,352.23194020307113,
2026-01-19 12:13:11,17386.26179216008,20.12452669161528,4.112966099997071,357.889096588712,
2026-01-19 12:13:12,17409.0286248819,22.766832721821302,4.341661162363641,353.47826895607193,
2026-01-19 12:13:13,17431.615521871798,22.586896989899852,5.361747007268691,353.86662730517,
2026-01-19 12:13:14,17450.935460604745,19.319938732947882,4.501128035186337,357.44400783930104,
2026-01-19 12:13:15,17472.751433648504,21.81597304375731,6.492254418815461,348.4840097397588,
2026-01-19 12:13:16,17496.244985727353,23.493552078849884,5.441078202170306,4.050961123610392,
2026-01-19 12:13:17,17519.8338213357,23.588835608344482,8.849527860031717,355.7295568588955,
2026-01-19 12:13:18,17543.372576600028,23.538755264327857,3.9147424858354416,0.12377683512169746,
2026-01-19 12:13:19,17565.43094641038,22.05836981035219,6.244359814451761,3.871942072259161,
2026-01-19 12:13:20,17586.163378418427,20.732432008046274,4.646456371793198,351.30733950388725,
2026-01-19 12:13:21,17606.53783017739,20.37445175896291,5.407918391540786,10.763250392017053,
2026-01-19 12:13:22,17629.054737534516,22.516907357125536,6.169703368008653,4.83281108849795,
2026-01-19 12:13:23,17651.623657586064,22.568920051547746,3.209554350150856,9.013905163510657,
2026-01-19 12:13:24,17675.554654253472,23.930996667407598,6.284191340145633,9.317262625728482,
2026-01-19 12:13:25,17699.204623728987,23.649969475513124,8.283488954729002,350.9437232284589,
2026-01-19 12:13:26,17721.00628074419,21.80165701520324,5.4558740419576885,7.378760845480736,
2026-01-19 12:13:27,17741.1399719259,20.133691181708695,6.3117694281666115,4.025887833100554,
2026-01-19 12:13:28,17762.66131203038,21.521340104483652,7.229906031750479,10.288543576313907,
2026-01-19 12:13:29,17784.987158822598,22.32584679221579,5.803255799967604,7.543373353063728,
2026-01-19 12:13:30,17806.684033954512,21.696875131915895,5.30284777376222,1.1883579445264383,
2026-01-19 12:13:31,17827.817192792398,21.133158837883517,3.2691163155338976,354.6706972872291,
2026-01-19 12:13:32,17850.19652001485,22.379327222454847,6.769188863273968,11.59244864729552,
2026-01-19 12:13:33,17871.440583402735,21.244063387884083,5.864197908325323,4.275075861813195,
2026-01-19 12:13:34,17892.49848427715,21.05790087441194,4.784779378334206,6.790860120380272,
2026-01-19 12:13:35,17914.965663528605,22.46717925145516,6.151916052333232,354.77809593497466,
2026-01-19 12:13:36,17936.362674658412,21.39701112980619,5.299583571832582,0.853508403341598,
2026-01-19 12:13:37,17958.72883124188,22.36615658346753,5.3658886426613694,7.042831796854056,
2026-01-19 12:13:38,17981.138637276155,22.409806034278184,6.72754938733045,359.4246593918615,
2026-01-19 12:13:39,18001.429493774518,20.290856498362636,4.393941106411386,325.2960849760981,
2026-01-19 12:13:40,18022.70763208872,21.278138314201883,7.25677834328851,9.302891869976769,
2026-01-19 12:13:41,18046.864297498596,24.156665409874694,4.322776604257916,6.427025161233432,
2026-01-19 12:13:42,18067.121178229496,20.25688073089857,5.204758309973683,351.5325905603066,
2026-01-19 12:13:43,18085.94619655604,18.825018326544203,8.307535432879893,359.94399393105357,
2026-01-19 12:13:44,18105.153428826176,19.20723227013623,7.352825713970907,4.759631008979474,
2026-01-19 12:13:45,18127.19709374604,22.043664919865005,6.117124790994528,356.46821410672356,
2026-01-19 12:13:46,18149.243469663088,22.046375917049048,4.8713637413985404,0.4327365884199157,
2026-01-19 12:13:47,18171.06705337995,21.82358371686232,5.364873231960128,2.0905290373634724,
2026-01-19 12:13:48,18194.888338123343,23.821284743392752,6.087930377502835,5.161345622218763,
2026-01-19 12:13:49,18212.879086473687,17.990748350345594,6.0450278788075185,3.7509272215733884,
2026-01-19 12:13:50,18235.472987285335,22.593900811646236,5.890954884448845,352.21728352193327,
2026-01-19 12:13:51,18259.81514458804,24.34215730270536,5.963000983098979,1.318176975002801,
2026-01-19 12:13:52,18280.1234734407,20.308328852662427,5.742749868353863,357.9101347745032,
2026-01-19 12:13:53,18301.553763673015,21.43029023231516,4.269625517231985,6.538893258340936,
2026-01-19 12:13:54,18322.424425797173,20.870662124157068,5.380187109407001,359.70564679439445,
2026-01-19 12:13:55,18343.082906728057,20.658480930883705,7.0975488647842155,354.24502314795507,
2026-01-19 12:13:56,18364.593513720523,21.51060699246544,4.357998842938659,4.551344399557665,
2026-01-19 12:13:57,18388.73474164605,24.141227925526756,5.772533386152865,354.78737404772096,
2026-01-19 12:13:58,18413.49082165928,24.75608001323128,5.016295285474987,348.3785099840513,
2026-01-19 12:13:59,18434.98691282172,21.49609116243978,6.133620515277734,357.11530997353844,
2026-01-19 12:14:00,18459.844503142816,24.857590321096705,5.533640182719818,6.40772308327463,
2026-01-19 12:14:01,18481.897867858293,22.05336471547694,7.772872397969603,2.631793973387526,
2026-01-19 12:14:02,18506.528404398345,24.630536540051622,6.607899785028304,359.65711796278174,
2026-01-19 12:14:03,18528.388456423865,21.860052025519764,4.425836201067346,8.750091686999031,
2026-01-19 12:14:04,18550.585043162933,22.196586739069218,6.805473613936439,358.27228037309794,
2026-01-19 12:14:05,18573.133254871896,22.548211708964253,5.070417772485524,349.4093444762193,
2026-01-19 12:14:06,18599.90153539095,26.768280519051302,5.307604354346959,1.743320072055548,
2026-01-19 12:14:07,18623.178463753215,23.276928362267185,6.376582824128546,5.70819739003965,
2026-01-19 12:14:08,18644.117566958288,20.939103205072804,5.409903096323839,346.3670013490083,
2026-01-19 12:14:09,18667.571063763702,23.45349680541379,7.071426979587546,354.85135686026445,
2026-01-19 12:14:10,18689.028314958075,21.457251194373487,5.070587926183926,6.618180772344627,
2026-01-19 12:14:11,18710.293689683724,21.265374725648186,5.257264136890364,355.405228220613,
2026-01-19 12:14:12,18733.65659172356,23.36290203983817,5.212354927742269,2.4037609878348825,
2026-01-19 12:14:13,18755.703220105217,22.046628381656728,5.321233501973953,11.421933531175858,
2026-01-19 12:14:14,18778.121083976985,22.417863871767707,7.319029866657376,355.07730969466957,
2026-01-19 12:14:15,18800.142061809784,22.02097783279794,6.754555552332364,0.601463667525322,
2026-01-19 12:14:16,18822.646936499692,22.504874689908153,8.051932744814485,7.273777222378452,
2026-01-19 12:14:17,18845.284385345847,22.637448846154225,8.721173044679105,2.029284581195388,
2026-01-19 12:14:18,18864.378934946788,19.09454960094188,4.763139561681192,0.2612614253507033,
2026-01-19 12:14:19,18887.3787939497,22.9998590029143,6.0845029527927466,349.6230544119331,
2026-01-19 12:14:20,18907.905764819956,20.526970870254548,4.588559620027881,358.1836014974104,
2026-01-19 12:14:21,18927.742316116615,19.836551296660883,5.06687288670208,8.707423654306165,
2026-01-19 12:14:22,18949.654699250827,21.912383134211975,5.243900987693197,4.876784146771271,
2026-01-19 12:14:23,18971.780670755797,22.12597150497168,4.731414151034071,4.153813587677885,
2026-01-19 12:14:24,18992.740411508938,20.959740753141578,4.7377352725219035,6.639004878493159,
2026-01-19 12:14:25,19015.98695929544,23.24654778650196,5.826858745775694,7.3247952479770095,
2026-01-19 12:14:26,19035.973696545883,19.98673725044364,4.539937897936311,355.8484548045249,
2026-01-19 12:14:27,19057.363280922724,21.38958437684116,7.01055235096516,7.870902435000254,
2026-01-19 12:14:28,19078.485969720325,21.1226887976005,4.898695755098983,5.453482152100894,
2026-01-19 12:14:29,19100.416088814814,21.93011909449099,9.37148276411567,359.97578082852783,
2026-01-19 12:14:30,19122.834385241786,22.41829642697086,5.458338658842726,352.5320819849809,
2026-01-19 12:14:31,19143.32254581735,20.488160575564685,6.086421170300462,358.94469619156285,
2026-01-19 12:14:32,19166.408969833534,23.086424016184342,4.445590578640758,11.706379192982787,
2026-01-19 12:14:33,19188.503473386038,22.09450355250205,8.047310109753168,7.869393830434709,
2026-01-19 12:14:34,19207.66555400607,19.162080620032135,7.3434008169634994,353.74025343697144,
2026-01-19 12:14:35,19226.727666845476,19.062112839404453,6.356299044883335,6.962427609823553,
2026-01-19 12:14:36,19248.709187906083,21.981521060606035,4.383836941464521,8.403443615436771,
2026-01-19 12:14:37,19270.377736929404,21.66854902332047,6.252800253269545,7.902831933274888,
2026-01-19 12:14:38,19292.22260675904,21.84486982963805,4.6542827447792945,8.139817154751672,
2026-01-19 12:14:39,19314.180633074247,21.958026315204673,7.754826316168033,6.4530523169901235,
2026-01-19 12:14:40,19336.518972833514,22.33833975926527,6.971033678223807,4.710350644677825,
2026-01-19 12:14:41,19359.940447248286,23.42147441477245,6.114526846185283,2.5665300163839264,
2026-01-19 12:14:42,19380.27378989691,20.333342648623663,3.0763492041032134,357.408257925994,
2026-01-19 12:14:43,19400.515832507557,20.24204261064881,4.819900825609163,356.03078288510625,
2026-01-19 12:14:44,19420.875846720726,20.360014213168927,6.825313357919847,5.744211374608755,
2026-01-19 12:14:45,19443.30922172148,22.43337500075306,7.455460430067787,7.230303371299264,
2026-01-19 12:14:46,19467.17664278945,23.86742106796967,7.331003773790558,356.55722156441766,
2026-01-19 12:14:47,19488.52963363209,21.352990842640736,4.0895843973102535,7.580066757260241,
2026-01-19 12:14:48,19506.77708386585,18.247450233760517,6.3618627681754845,354.8323211550307,
2026-01-19 12:14:49,19526.221094571934,19.444010706084438,7.218618259779515,5.313800523111645,
2026-01-19 12:14:50,19546.971539487742,20.750444915805982,4.009997321301306,355.9175506459698,
2026-01-19 12:14:51,19568.1349461565,21.16340666875718,5.990514581552117,6.236009424342804,
2026-01-19 12:14:52,19589.52236321562,21.38741705911791,6.3286108779701475,13.129348098841351,
2026-01-19 12:14:53,19611.58023490009,22.057871684471376,5.639082498183918,0.9054089532004364,
2026-01-19 12:14:54,19633.112615403857,21.53238050376633,3.777405773518558,5.81282773357562,
2026-01-19 12:14:55,19656.68662481967,23.574009415815112,5.609162267911525,1.8013703108094234,
2026-01-19 12:14:56,19677.67259886115,20.985974041477945,5.607233483693971,353.71903703079425,
2026-01-19 12:14:57,19698.37912192194,20.706523060786687,5.822313114542695,2.038189077797199,
2026-01-19 12:14:58,19721.09743522972,22.718313307780694,5.323834289489916,10.389292966454235,
2026-01-19 12:14:59,19740.79397212483,19.69653689511082,5.468385416110239,352.05894695295865,
